An expression is a combination of one or more values, operators, and SQL functions that evaluate to a value.
SQL EXPRESSIONs are like formulas and they are written in query language. You can also use them to query the 
database for specific set of data.

Syntax:

SELECT column1, column2, columnN 
FROM table_name 
WHERE [CONDITION|EXPRESSION];

------------------------------------------------------------------------------------------------------------------------

SQL - Boolean Expressions:

SYNTAX:
SELECT column1, column2, columnN 
FROM table_name 
WHERE SINGLE VALUE MATCHTING EXPRESSION;

SQL> SELECT * FROM CUSTOMERS;
+----+----------+-----+-----------+----------+
| ID | NAME | AGE | ADDRESS | SALARY |
+----+----------+-----+-----------+----------+
| 1 | Ramesh | 32 | Ahmedabad | 2000.00 |
| 2 | Khilan | 25 | Delhi | 1500.00 |
| 3 | kaushik | 23 | Kota | 2000.00 |
| 4 | Chaitali | 25 | Mumbai | 6500.00 |
| 5 | Hardik | 27 | Bhopal | 8500.00 |
| 6 | Komal | 22 | MP | 4500.00 |
| 7 | Muffy | 24 | Indore | 10000.00 |
+----+----------+-----+-----------+----------+


SQL> SELECT * FROM CUSTOMERS WHERE SALARY = 10000;
+----+-------+-----+---------+----------+
| ID | NAME | AGE | ADDRESS | SALARY |
+----+-------+-----+---------+----------+
| 7 | Muffy | 24 | Indore | 10000.00 |
+----+-------+-----+---------+----------+
1 row in set (0.00 sec)

------------------------------------------------------------------------------------------------------------------------

SQL - Numeric Expression:

Syntax:

SELECT numerical_expression as OPERATION_NAME
[FROM table_name
WHERE CONDITION] ;

SQL Numeric Expressions:
SQL> SELECT (15 + 6) AS ADDITION
+----------+
| ADDITION |
+----------+
| 21 |
+----------+
1 row in set (0.00 sec)


SQL> SELECT COUNT(*) AS "RECORDS" FROM CUSTOMERS;
+---------+
| RECORDS |
+---------+
| 7 |
+---------+
1 row in set (0.00 sec)

------------------------------------------------------------------------------------------------------------------------
SQL - Date Expressions:

SQL> SELECT CURRENT_TIMESTAMP;
+---------------------+
| Current_Timestamp |
+---------------------+
| 2023-10-12 06:40:23 |
+---------------------+
1 row in set (0.00 sec)

------------------------------------------------------------------------------------------------------------------------
SQL> SELECT GETDATE();;
+-------------------------+
| GETDATE |
+-------------------------+
| 2009-10-22 12:07:18.140 |
+-------------------------+
1 row in set (0.00 sec)


------------------------------------------------------------------------------------------------------------------------
